index_right,ntaname,Unnamed: 0.1,geometry
0,Battery Park City-Lower Manhattan,32,POINT (-74.00512890000002 40.7063613)
1,Battery Park City-Lower Manhattan,33,POINT (-74.00437149999998 40.7068609)
2,Midtown-Midtown South,157,POINT (-73.9774931 40.7613751)
3,Midtown-Midtown South,394,POINT (-73.98576420000001 40.7560214)
4,Midtown-Midtown South,424,POINT (-73.98056700000002 40.7669584)
5,Lincoln Square,425,POINT (-73.984262 40.7742216)
6,Battery Park City-Lower Manhattan,439,POINT (-74.0085048 40.7062404)
7,Midtown-Midtown South,491,POINT (-73.9793172 40.757541)
8,Turtle Bay-East Midtown,857,POINT (-73.97183620000001 40.74515510000001)
9,West Village,960,POINT (-73.99795429999998 40.7267934)
10,Upper West Side,1070,POINT (-73.9667518 40.7947101)
11,Midtown-Midtown South,1976,POINT (-73.9755455 40.7566235)
12,Midtown-Midtown South,1977,POINT (-73.9753936 40.7573701)
13,Battery Park City-Lower Manhattan,2455,POINT (-74.01709620000003 40.7062284)
14,Battery Park City-Lower Manhattan,2458,POINT (-74.0059696 40.710451)
15,Battery Park City-Lower Manhattan,2477,POINT (-74.00476809999998 40.7054995)
16,Midtown-Midtown South,2875,POINT (-73.9811849 40.7647188)
17,Lincoln Square,2967,POINT (-73.99180440000001 40.7726771)
18,East Harlem South,3131,POINT (-73.9376821 40.7908856)
19,Turtle Bay-East Midtown,3316,POINT (-73.9697572 40.7617109)
20,Yorkville,3421,POINT (-73.95424509999999 40.773327)
21,Battery Park City-Lower Manhattan,3528,POINT (-74.0124398 40.7062318)
22,Yorkville,3647,POINT (-73.9464012 40.7803996)
23,Hunters Point-Sunnyside-West Maspeth,3680,POINT (-73.95904059999999 40.7425191)
24,Lenox Hill-Roosevelt Island,3957,POINT (-73.96079820000001 40.76687929999999)
25,Turtle Bay-East Midtown,4034,POINT (-73.96607 40.7576559)
26,Midtown-Midtown South,4043,POINT (-73.9838129 40.750098)
27,Clinton,4239,POINT (-73.99295429999999 40.756324)
28,Hudson Yards-Chelsea-Flatiron-Union Square,4303,POINT (-74.00010470000002 40.7545346)
29,Lincoln Square,5265,POINT (-73.990786 40.7744885)
30,Turtle Bay-East Midtown,5473,POINT (-73.9655917 40.7541727)
31,Upper West Side,5834,POINT (-73.9668862 40.7930523)
32,SoHo-TriBeCa-Civic Center-Little Italy,5958,POINT (-74.0059773 40.7158197)
33,Brooklyn Heights-Cobble Hill,6413,POINT (-73.9941036 40.6981819)
34,Midtown-Midtown South,7798,POINT (-73.9796362 40.7648421)
35,Midtown-Midtown South,7799,POINT (-73.98496490000002 40.763218)
36,Lenox Hill-Roosevelt Island,7891,POINT (-73.9606793 40.7603742)
37,Midtown-Midtown South,7935,POINT (-73.9784812 40.7642627)
38,Lincoln Square,7936,POINT (-73.979753 40.7723984)
39,Clinton,8226,POINT (-73.9917308 40.75526170000001)
40,Turtle Bay-East Midtown,8279,POINT (-73.9706887 40.7530844)
41,Turtle Bay-East Midtown,8302,POINT (-73.96714940000003 40.75732410000001)
42,Midtown-Midtown South,8307,POINT (-73.98787359999999 40.7477737)
43,East Harlem South,8323,POINT (-73.9523729 40.7912302)
44,Lincoln Square,8335,POINT (-73.98334090000002 40.7755664)
45,Murray Hill-Kips Bay,10844,POINT (-73.97643199999997 40.750459)
46,Upper East Side-Carnegie Hill,11026,POINT (-73.9700052 40.764055)
47,Midtown-Midtown South,11045,POINT (-73.99014 40.74872360000001)
48,Upper East Side-Carnegie Hill,11366,POINT (-73.96299259999998 40.7743814)
49,Battery Park City-Lower Manhattan,11450,POINT (-74.00675200000001 40.7070831)
50,Battery Park City-Lower Manhattan,11481,POINT (-74.0069324 40.7074097)
51,Battery Park City-Lower Manhattan,12054,POINT (-74.006745 40.7087739)
52,Murray Hill-Kips Bay,13038,POINT (-73.9812175 40.7515386)
53,East Harlem South,13194,POINT (-73.94813959999998 40.79680560000001)
54,Clinton,13215,POINT (-73.9926712 40.7704347)
55,Battery Park City-Lower Manhattan,13664,POINT (-74.01752519999999 40.7055724)
56,Forest Hills,13903,POINT (-73.8508422 40.7283464)
57,DUMBO-Vinegar Hill-Downtown Brooklyn-Boerum Hill,14538,POINT (-73.9849672 40.6889559)
58,Lenox Hill-Roosevelt Island,16465,POINT (-73.95669140000003 40.7702621)
59,Battery Park City-Lower Manhattan,16642,POINT (-74.0118516 40.7043105)
60,Fort Greene,16941,POINT (-73.9786355 40.68825220000001)
61,Greenpoint,18553,POINT (-73.96174809999999 40.73467279999999)
62,Midtown-Midtown South,19935,POINT (-73.99070329999998 40.7462835)
63,Lenox Hill-Roosevelt Island,20968,POINT (-73.95986379999999 40.7599485)
64,Turtle Bay-East Midtown,21164,POINT (-73.96931650000001 40.7622186)
65,Battery Park City-Lower Manhattan,21535,POINT (-74.00780159999999 40.7070858)
66,Murray Hill-Kips Bay,22690,POINT (-73.979359 40.750745)
67,Upper East Side-Carnegie Hill,22723,POINT (-73.96141350000001 40.776692)
68,East Tremont,22859,POINT (-73.88460329999999 40.846439)
69,Midtown-Midtown South,23679,POINT (-73.97635129999998 40.7644572)
70,Turtle Bay-East Midtown,24058,POINT (-73.9696052 40.7625398)
71,Turtle Bay-East Midtown,28800,POINT (-73.96763100000003 40.7615758)
72,Midtown-Midtown South,28835,POINT (-73.97179679999998 40.7615001)
73,Turtle Bay-East Midtown,28861,POINT (-73.9630135 40.7561508)
74,Midtown-Midtown South,28923,POINT (-73.9712766 40.7623206)
75,Upper East Side-Carnegie Hill,28934,POINT (-73.96917890000002 40.7632176)
76,Battery Park City-Lower Manhattan,28952,POINT (-74.0068567 40.7081426)
77,Chinatown,28956,POINT (-73.99198370000001 40.7230246)
78,Turtle Bay-East Midtown,28961,POINT (-73.9659896 40.7525205)
79,Upper East Side-Carnegie Hill,28997,POINT (-73.9566686 40.7829675)
80,Upper East Side-Carnegie Hill,29019,POINT (-73.97009940000002 40.7632783)
81,Upper East Side-Carnegie Hill,29021,POINT (-73.95418670000002 40.77947800000001)
82,Upper East Side-Carnegie Hill,29022,POINT (-73.95977579999997 40.7800729)
83,East Harlem South,29024,POINT (-73.9479718 40.7851295)
84,Yorkville,29030,POINT (-73.95240229999997 40.7805093)
85,Battery Park City-Lower Manhattan,29033,POINT (-74.005634 40.7083732)
86,Battery Park City-Lower Manhattan,29057,POINT (-74.0150285 40.7177183)
87,Upper East Side-Carnegie Hill,29486,POINT (-73.97142690000003 40.7655046)
88,Upper East Side-Carnegie Hill,29571,POINT (-73.9569363 40.78221)
89,Battery Park City-Lower Manhattan,40226,POINT (-74.00798210000001 40.70865850000001)
90,Battery Park City-Lower Manhattan,40246,POINT (-74.00634460000001 40.7091115)
91,Battery Park City-Lower Manhattan,40272,POINT (-74.0071418 40.7093228)
92,Midtown-Midtown South,40315,POINT (-73.9713275 40.7614945)
93,Turtle Bay-East Midtown,62713,POINT (-73.9640026 40.7560029)
94,Turtle Bay-East Midtown,63680,POINT (-73.96311180000002 40.7546385)
95,Turtle Bay-East Midtown,63689,POINT (-73.9619835 40.7584698)
96,Turtle Bay-East Midtown,63717,POINT (-73.9636964 40.7549351)
97,Turtle Bay-East Midtown,63726,POINT (-73.96353000000001 40.7556762)
98,Yorkville,63783,POINT (-73.95044129999999 40.7759879)
99,Yorkville,64589,POINT (-73.9492396 40.7846799)
100,Park Slope-Gowanus,64602,POINT (-73.97549720000001 40.6819661)
101,Park Slope-Gowanus,64637,POINT (-73.97417370000002 40.6827178)
102,Midtown-Midtown South,64680,POINT (-73.9784056 40.7617523)
103,Lower East Side,67107,POINT (-73.9860432 40.7162445)
104,Turtle Bay-East Midtown,67392,POINT (-73.96862790000002 40.7604014)
105,Turtle Bay-East Midtown,67421,POINT (-73.96792370000001 40.7610352)
106,Turtle Bay-East Midtown,67457,POINT (-73.96127249999998 40.7582445)
107,Upper East Side-Carnegie Hill,67492,POINT (-73.9682622 40.7626684)
108,Upper East Side-Carnegie Hill,67494,POINT (-73.9657675 40.7632523)
109,Upper East Side-Carnegie Hill,67719,POINT (-73.9503412 40.78437020000001)
110,Yorkville,67783,POINT (-73.95346500000002 40.7788848)
111,Yorkville,67798,POINT (-73.9497095 40.7841037)
112,Yorkville,67871,POINT (-73.9483848 40.7787317)
113,Yorkville,67984,POINT (-73.94991450000001 40.7755649)
114,Yorkville,68486,POINT (-73.9482505 40.7842595)
115,East Harlem South,71037,POINT (-73.9496288 40.78571210000001)
116,Spuyten Duyvil-Kingsbridge,75770,POINT (-73.91474220000001 40.8786797)
117,Forest Hills,87209,POINT (-73.8497698 40.7286881)
118,Flushing,92726,POINT (-73.82454370000001 40.7529518)
119,Glen Oaks-Floral Park-New Hyde Park,104634,POINT (-73.71421529999998 40.7567794)
120,Lincoln Square,125449,POINT (-73.9826382 40.7705132)
121,Lincoln Square,125470,POINT (-73.98692890000002 40.7803043)
122,Turtle Bay-East Midtown,126949,POINT (-73.96936740000002 40.7613869)
123,Upper East Side-Carnegie Hill,126950,POINT (-73.9716797 40.7650874)
124,Yorkville,127224,POINT (-73.9478852 40.7758797)
125,Upper East Side-Carnegie Hill,127235,POINT (-73.96864840000001 40.7628113)
126,Midtown-Midtown South,127308,POINT (-73.9763588 40.7635487)
127,Midtown-Midtown South,127311,POINT (-73.9749905 40.763886)
128,Midtown-Midtown South,127313,POINT (-73.9753801 40.7648111)
129,Midtown-Midtown South,127316,POINT (-73.97318220000002 40.76324879999999)
130,Yorkville,127785,POINT (-73.9530288 40.777935)
131,Yorkville,127788,POINT (-73.95283979999998 40.7796147)
132,Yorkville,127792,POINT (-73.952051 40.7768641)
133,Upper East Side-Carnegie Hill,128222,POINT (-73.95496259999999 40.7855222)
134,Yorkville,128308,POINT (-73.94717709999998 40.7763542)
135,Midtown-Midtown South,129658,POINT (-73.97182890000001 40.76234820000001)
136,Battery Park City-Lower Manhattan,131635,POINT (-74.00473580000001 40.7074098)
137,Battery Park City-Lower Manhattan,131636,POINT (-74.0055546 40.7077639)
138,Battery Park City-Lower Manhattan,131637,POINT (-74.0055437 40.7069953)
139,Battery Park City-Lower Manhattan,131653,POINT (-74.00589359999999 40.7074674)
140,Battery Park City-Lower Manhattan,131682,POINT (-74.0065068 40.7073905)
141,Battery Park City-Lower Manhattan,131688,POINT (-74.00631559999999 40.70721760000001)
142,Battery Park City-Lower Manhattan,133422,POINT (-74.0079643 40.7106348)
143,Battery Park City-Lower Manhattan,133423,POINT (-74.00839000000001 40.7108708)
144,Battery Park City-Lower Manhattan,134427,POINT (-74.01696290000002 40.706975)
145,Battery Park City-Lower Manhattan,134440,POINT (-74.01659520000003 40.7076228)
146,Battery Park City-Lower Manhattan,134441,POINT (-74.01475390000002 40.7159726)
147,Battery Park City-Lower Manhattan,135790,POINT (-74.01805999999998 40.7090773)
148,Battery Park City-Lower Manhattan,135824,POINT (-74.00507109999999 40.7057465)
149,Midtown-Midtown South,143266,POINT (-73.9760405 40.7652476)
150,Upper East Side-Carnegie Hill,143281,POINT (-73.9535472 40.7800294)
151,Lenox Hill-Roosevelt Island,143775,POINT (-73.96279 40.7622029)
152,Battery Park City-Lower Manhattan,144100,POINT (-74.01613570000001 40.7165736)
153,Turtle Bay-East Midtown,146148,POINT (-73.96746690000001 40.7503498)
154,Forest Hills,146941,POINT (-73.83956500000002 40.7202507)
155,Battery Park City-Lower Manhattan,149797,POINT (-74.0073692 40.7108763)
156,Midtown-Midtown South,149895,POINT (-73.9724348 40.76360820000001)
157,Battery Park City-Lower Manhattan,150651,POINT (-74.0158328 40.7172708)
158,Battery Park City-Lower Manhattan,150653,POINT (-74.01627259999999 40.7161042)
159,North Side-South Side,150869,POINT (-73.9646572 40.7195254)
160,Battery Park City-Lower Manhattan,151155,POINT (-74.0144434 40.7147238)
161,Battery Park City-Lower Manhattan,151166,POINT (-74.0132658 40.7065418)
162,Turtle Bay-East Midtown,152243,POINT (-73.9616623 40.7584093)
163,Clinton,153415,POINT (-73.9919854 40.7684694)
164,Central Harlem North-Polo Grounds,153574,POINT (-73.93782519999998 40.8309888)
165,Lenox Hill-Roosevelt Island,153703,POINT (-73.96034950000001 40.7626303)
166,Turtle Bay-East Midtown,153756,POINT (-73.9704325 40.7528565)
167,Turtle Bay-East Midtown,153863,POINT (-73.96764240000002 40.7531001)
168,Battery Park City-Lower Manhattan,156691,POINT (-74.0108426 40.7097535)
169,Midtown-Midtown South,156709,POINT (-73.9866756 40.7470874)
170,Midtown-Midtown South,156717,POINT (-73.9859421 40.751133)
171,Lenox Hill-Roosevelt Island,156725,POINT (-73.9524777 40.7658551)
172,Midtown-Midtown South,156728,POINT (-73.9841066 40.74438350000001)
173,Turtle Bay-East Midtown,156742,POINT (-73.97152709999997 40.759005)
174,Turtle Bay-East Midtown,156759,POINT (-73.97244190000001 40.7551379)
175,DUMBO-Vinegar Hill-Downtown Brooklyn-Boerum Hill,156767,POINT (-73.9876958 40.69460220000001)
176,Hudson Yards-Chelsea-Flatiron-Union Square,156851,POINT (-74.00089870000002 40.75353010000001)
177,Greenpoint,157237,POINT (-73.96072070000002 40.7268334)
178,Midtown-Midtown South,157310,POINT (-73.9797447 40.764241)
179,Clinton,157354,POINT (-73.9949718 40.7590386)
180,Fort Greene,157415,POINT (-73.97887370000002 40.6877719)
181,Lincoln Square,157498,POINT (-73.98541659999999 40.7772849)
182,North Side-South Side,157521,POINT (-73.96396109999998 40.719344)
183,SoHo-TriBeCa-Civic Center-Little Italy,157738,POINT (-74.0085522 40.7271225)
184,Midtown-Midtown South,157771,POINT (-73.98096579999998 40.7662265)
185,Midtown-Midtown South,157890,POINT (-73.98776789999999 40.7535322)
186,Murray Hill-Kips Bay,158136,POINT (-73.97326120000002 40.7374235)
187,Fort Greene,158668,POINT (-73.97995429999997 40.6914776)
188,Yorkville,159214,POINT (-73.95031 40.7826657)
189,Clinton,159490,POINT (-73.9921372 40.76769270000001)
190,Upper West Side,159586,POINT (-73.9702411 40.7935253)
191,Turtle Bay-East Midtown,160197,POINT (-73.96781949999998 40.7525622)
192,Turtle Bay-East Midtown,160482,POINT (-73.96696829999998 40.7585619)
193,Greenpoint,160559,POINT (-73.9615278 40.7350926)
194,Lincoln Square,160763,POINT (-73.9828366 40.7711143)
195,Hudson Yards-Chelsea-Flatiron-Union Square,160882,POINT (-73.9977045 40.7526764)
196,Midtown-Midtown South,160901,POINT (-73.97278990000002 40.7605232)
197,Battery Park City-Lower Manhattan,161252,POINT (-74.0096552 40.7040571)
198,Clinton,161258,POINT (-73.9955167 40.7601723)
199,Hunters Point-Sunnyside-West Maspeth,161336,POINT (-73.9444556 40.7479627)
200,Midtown-Midtown South,161337,POINT (-73.9810122 40.7665674)
201,Midtown-Midtown South,161354,POINT (-73.9808008 40.7664805)
202,Midtown-Midtown South,161355,POINT (-73.9812105 40.7666495)
203,Jamaica,161390,POINT (-73.80677990000002 40.7005387)
204,DUMBO-Vinegar Hill-Downtown Brooklyn-Boerum Hill,161732,POINT (-73.9870561 40.702002)
205,Lincoln Square,161759,POINT (-73.98270579999998 40.7745041)
206,Chinatown,161766,POINT (-74.00038240000001 40.7137009)
207,Midtown-Midtown South,162232,POINT (-73.9839715 40.7454574)
208,Turtle Bay-East Midtown,162263,POINT (-73.97268840000002 40.7513122)
209,Morningside Heights,162309,POINT (-73.95965509999998 40.8116213)
210,Turtle Bay-East Midtown,162540,POINT (-73.97141910000001 40.7583079)
211,Midtown-Midtown South,162551,POINT (-73.97736329999999 40.7608069)
212,Midtown-Midtown South,162563,POINT (-73.98221240000002 40.7563119)
213,SoHo-TriBeCa-Civic Center-Little Italy,162579,POINT (-74.0090359 40.7127756)
214,Midtown-Midtown South,162654,POINT (-73.9792897 40.7647185)
215,Clinton,162655,POINT (-73.9931887 40.75827279999999)
216,Fort Greene,162768,POINT (-73.9796128 40.6879916)
217,Borough Park,162887,POINT (-73.98609499999998 40.6235973)
218,Midtown-Midtown South,163003,POINT (-73.976896 40.76542620000001)
219,Clinton,163013,POINT (-73.98752469999999 40.7610335)
220,Hudson Yards-Chelsea-Flatiron-Union Square,163022,POINT (-73.9992347 40.7607899)
221,Midtown-Midtown South,163027,POINT (-73.97971269999999 40.7624432)
222,Turtle Bay-East Midtown,163035,POINT (-73.97367509999999 40.7492096)
223,Midtown-Midtown South,163042,POINT (-73.976086 40.7591982)
224,Midtown-Midtown South,163047,POINT (-73.9785167 40.7661731)
225,DUMBO-Vinegar Hill-Downtown Brooklyn-Boerum Hill,163097,POINT (-73.9814192 40.6884174)
226,DUMBO-Vinegar Hill-Downtown Brooklyn-Boerum Hill,163113,POINT (-73.98656629999998 40.6980989)
227,Midtown-Midtown South,163932,POINT (-73.9861968 40.7586262)
228,Midtown-Midtown South,163963,POINT (-73.97824190000001 40.7562673)
229,DUMBO-Vinegar Hill-Downtown Brooklyn-Boerum Hill,163977,POINT (-73.9879916 40.69381170000001)
230,Midtown-Midtown South,163982,POINT (-73.982488 40.76524600000001)
231,Turtle Bay-East Midtown,163989,POINT (-73.97455429999999 40.7530799)
232,Midtown-Midtown South,163995,POINT (-73.98185129999997 40.7568196)
233,Midtown-Midtown South,163999,POINT (-73.97681559999999 40.757966)
234,Midtown-Midtown South,164005,POINT (-73.97670649999998 40.7603703)
235,Midtown-Midtown South,164010,POINT (-73.98484690000002 40.7580744)
236,Turtle Bay-East Midtown,164013,POINT (-73.97586099999999 40.7526959)
237,Midtown-Midtown South,164020,POINT (-73.98270840000001 40.7643678)
238,Midtown-Midtown South,164021,POINT (-73.978013 40.760925)
239,Turtle Bay-East Midtown,164023,POINT (-73.97462420000002 40.7495666)
240,Turtle Bay-East Midtown,164024,POINT (-73.97335099999999 40.7565023)
241,Midtown-Midtown South,164036,POINT (-73.9856525 40.7551897)
242,Midtown-Midtown South,164037,POINT (-73.9842223 40.7587852)
243,SoHo-TriBeCa-Civic Center-Little Italy,164038,POINT (-74.00540809999998 40.72530560000001)
244,Murray Hill-Kips Bay,164039,POINT (-73.9755188 40.75075800000001)
245,Turtle Bay-East Midtown,164044,POINT (-73.9731804 40.7497694)
246,Midtown-Midtown South,164049,POINT (-73.9740311 40.7617806)
247,Midtown-Midtown South,164050,POINT (-73.97815770000003 40.7600028)
248,Midtown-Midtown South,164053,POINT (-73.9855902 40.7593919)
249,Midtown-Midtown South,164059,POINT (-73.9895901 40.7566394)
250,Lincoln Square,164064,POINT (-73.9893965 40.7715982)
251,Lincoln Square,164100,POINT (-73.98585870000002 40.7700965)
252,Lenox Hill-Roosevelt Island,164105,POINT (-73.9614605 40.7639756)
253,SoHo-TriBeCa-Civic Center-Little Italy,164122,POINT (-74.0062444 40.7176505)
254,Lincoln Square,164152,POINT (-73.98157309999998 40.77076829999999)
255,Lincoln Square,164160,POINT (-73.98147809999998 40.7748031)
256,Midtown-Midtown South,164161,POINT (-73.98230150000001 40.7468562)
257,Lincoln Square,164170,POINT (-73.9833386 40.7704969)
258,Turtle Bay-East Midtown,164174,POINT (-73.96682309999998 40.7602609)
259,Lincoln Square,164240,POINT (-73.9872725 40.7771863)
260,Upper West Side,164290,POINT (-73.96963649999999 40.79674470000001)
261,Lenox Hill-Roosevelt Island,164296,POINT (-73.96176190000001 40.7672886)
262,Upper West Side,164309,POINT (-73.97069090000002 40.7971649)
263,Upper East Side-Carnegie Hill,164329,POINT (-73.9592823 40.7723189)
264,Upper East Side-Carnegie Hill,164341,POINT (-73.9564421 40.7760205)
265,Lincoln Square,164351,POINT (-73.98139279999999 40.7698598)
266,Hudson Yards-Chelsea-Flatiron-Union Square,164397,POINT (-73.9964987 40.75875870000001)
267,Hunters Point-Sunnyside-West Maspeth,164417,POINT (-73.93619809999998 40.7491318)
268,Lincoln Square,164425,POINT (-73.98617879999998 40.7759208)
269,Clinton,164440,POINT (-73.98423840000002 40.7668245)
270,Battery Park City-Lower Manhattan,164464,POINT (-74.0095687 40.7054608)
271,Hudson Yards-Chelsea-Flatiron-Union Square,164485,POINT (-73.9979714 40.7576828)
272,DUMBO-Vinegar Hill-Downtown Brooklyn-Boerum Hill,164486,POINT (-73.9827016 40.6931935)
273,Lincoln Square,164494,POINT (-73.9830936 40.7684685)
274,Upper East Side-Carnegie Hill,164497,POINT (-73.9606953 40.77608789999999)
275,Clinton,164501,POINT (-73.98303620000002 40.7670851)
276,Midtown-Midtown South,164514,POINT (-73.99028100000002 40.7471289)
277,Hudson Yards-Chelsea-Flatiron-Union Square,164523,POINT (-73.98746740000001 40.7395394)
278,Battery Park City-Lower Manhattan,164533,POINT (-74.0117869 40.7060205)
279,Clinton,164554,POINT (-73.9845739 40.7679609)
280,Lincoln Square,164574,POINT (-73.9832954 40.7699891)
281,East Harlem North,164605,POINT (-73.9444507 40.8027655)
282,Lincoln Square,164613,POINT (-73.98179240000002 40.7740758)
283,Lenox Hill-Roosevelt Island,164616,POINT (-73.96507819999999 40.7630161)
284,Midtown-Midtown South,164629,POINT (-73.98397609999998 40.746991)
285,Lincoln Square,164634,POINT (-73.9843083 40.7767852)
286,SoHo-TriBeCa-Civic Center-Little Italy,164674,POINT (-74.00832890000002 40.7124573)
287,Clinton,164690,POINT (-73.9938997 40.7585308)
288,Battery Park City-Lower Manhattan,164699,POINT (-74.01035859999998 40.7053674)
289,Midtown-Midtown South,164727,POINT (-73.98603559999999 40.7527744)
290,Lincoln Square,164746,POINT (-73.9808618 40.7711442)
291,Lenox Hill-Roosevelt Island,164763,POINT (-73.9526503 40.766857)
292,Clinton,164802,POINT (-73.99877990000002 40.761531)
293,Clinton,164815,POINT (-73.98849179999998 40.7628808)
294,Lincoln Square,164826,POINT (-73.98583670000002 40.7715594)
295,Lenox Hill-Roosevelt Island,164832,POINT (-73.9655911 40.7623657)
296,Upper West Side,164841,POINT (-73.9696392 40.7908106)
297,Lincoln Square,164845,POINT (-73.98656099999999 40.77845429999999)
298,Murray Hill-Kips Bay,164850,POINT (-73.98219940000001 40.7509651)
299,Queensbridge-Ravenswood-Long Island City,164853,POINT (-73.93722220000002 40.7500985)
300,Lenox Hill-Roosevelt Island,164868,POINT (-73.95679150000002 40.7661395)
301,Lincoln Square,164875,POINT (-73.98597640000001 40.7765466)
302,Murray Hill-Kips Bay,164879,POINT (-73.9789605 40.7440203)
303,Fort Greene,164882,POINT (-73.9821859 40.6932373)
304,Lenox Hill-Roosevelt Island,164891,POINT (-73.95752879999998 40.77050670000001)
305,Battery Park City-Lower Manhattan,164898,POINT (-74.0097349 40.7077279)
306,Clinton,164907,POINT (-73.99227190000001 40.757872)
307,Midtown-Midtown South,164909,POINT (-73.98985500000001 40.7477931)
308,Hunters Point-Sunnyside-West Maspeth,164923,POINT (-73.9423493 40.7476693)
309,Lincoln Square,164930,POINT (-73.9814068 40.7715149)
310,Midtown-Midtown South,164947,POINT (-73.9862031 40.7456326)
311,Lincoln Square,164948,POINT (-73.9868427 40.7778505)
312,Battery Park City-Lower Manhattan,164975,POINT (-74.01058959999997 40.7065311)
313,Turtle Bay-East Midtown,164983,POINT (-73.967569 40.7555731)
314,Midtown-Midtown South,165032,POINT (-73.98486020000001 40.7473287)
315,Midtown-Midtown South,165054,POINT (-73.98363670000001 40.7474054)
316,Lincoln Square,165056,POINT (-73.9877972 40.7708981)
317,Lincoln Square,165071,POINT (-73.9849779 40.7695062)
318,Midtown-Midtown South,165090,POINT (-73.9826939 40.76468610000001)
319,SoHo-TriBeCa-Civic Center-Little Italy,165138,POINT (-74.00695470000002 40.7142661)
320,Hudson Yards-Chelsea-Flatiron-Union Square,165163,POINT (-74.0017036 40.7519848)
321,Upper East Side-Carnegie Hill,165171,POINT (-73.96197420000001 40.7683646)
322,Hunters Point-Sunnyside-West Maspeth,165186,POINT (-73.94152740000001 40.7466286)
323,SoHo-TriBeCa-Civic Center-Little Italy,165231,POINT (-74.0027994 40.7189434)
324,Lincoln Square,165631,POINT (-73.9832251 40.7769662)
325,East Harlem North,165690,POINT (-73.9353713 40.8015311)
326,Midtown-Midtown South,169422,POINT (-73.99103100000001 40.7517923)
327,Midtown-Midtown South,169438,POINT (-73.9868304 40.7487644)
328,Turtle Bay-East Midtown,169487,POINT (-73.97204920000001 40.75348)
329,Hudson Yards-Chelsea-Flatiron-Union Square,169774,POINT (-74.00157729999999 40.7527011)
330,Central Harlem North-Polo Grounds,177662,POINT (-73.9491704 40.8138289)
331,Lincoln Square,178906,POINT (-73.98827370000002 40.7710986)
332,Turtle Bay-East Midtown,199579,POINT (-73.9719865 40.7565953)
333,Turtle Bay-East Midtown,199580,POINT (-73.9713947 40.7563371)
334,Midtown-Midtown South,199675,POINT (-73.9781136 40.7624347)
335,Battery Park City-Lower Manhattan,199693,POINT (-74.01146240000001 40.7066134)
336,Battery Park City-Lower Manhattan,199707,POINT (-74.01165350000002 40.706273)
337,Battery Park City-Lower Manhattan,199714,POINT (-74.0107629 40.7076263)
338,Battery Park City-Lower Manhattan,199715,POINT (-74.0081948 40.707363)
339,Battery Park City-Lower Manhattan,199716,POINT (-74.0131688 40.70808710000001)
340,Battery Park City-Lower Manhattan,199722,POINT (-74.0087752 40.7056282)
341,Battery Park City-Lower Manhattan,199729,POINT (-74.01298129999998 40.7084083)
342,Battery Park City-Lower Manhattan,199731,POINT (-74.0130242 40.7068548)
343,Battery Park City-Lower Manhattan,199733,POINT (-74.01283670000002 40.7071046)
344,Battery Park City-Lower Manhattan,199737,POINT (-74.0119996 40.7053123)
345,Battery Park City-Lower Manhattan,199741,POINT (-74.012664 40.7093333)
346,SoHo-TriBeCa-Civic Center-Little Italy,199758,POINT (-74.00914399999998 40.7122184)
347,SoHo-TriBeCa-Civic Center-Little Italy,199759,POINT (-74.00865340000001 40.7119906)
348,SoHo-TriBeCa-Civic Center-Little Italy,199762,POINT (-74.0097935 40.71372520000001)
349,Battery Park City-Lower Manhattan,199788,POINT (-74.00976429999999 40.7108515)
350,Battery Park City-Lower Manhattan,199790,POINT (-74.010244 40.7111396)
351,Hudson Yards-Chelsea-Flatiron-Union Square,200094,POINT (-73.9995885 40.7552291)
352,Hudson Yards-Chelsea-Flatiron-Union Square,200098,POINT (-74.0024363 40.7524321)
353,Hudson Yards-Chelsea-Flatiron-Union Square,200107,POINT (-74.0032989 40.7528027)
354,Hudson Yards-Chelsea-Flatiron-Union Square,200110,POINT (-74.00042590000002 40.7573617)
355,Hudson Yards-Chelsea-Flatiron-Union Square,200114,POINT (-73.9986681 40.7546801)
356,Hudson Yards-Chelsea-Flatiron-Union Square,200117,POINT (-73.99889190000002 40.75561879999999)
357,Hudson Yards-Chelsea-Flatiron-Union Square,200122,POINT (-74.00176500000001 40.75524)
358,Hudson Yards-Chelsea-Flatiron-Union Square,200133,POINT (-73.99904709999998 40.7565383)
359,Hudson Yards-Chelsea-Flatiron-Union Square,200139,POINT (-73.99651329999998 40.7539335)
360,Hudson Yards-Chelsea-Flatiron-Union Square,200143,POINT (-73.99816640000002 40.7570598)
361,Hudson Yards-Chelsea-Flatiron-Union Square,200158,POINT (-73.9996426 40.75847329999999)
362,Hudson Yards-Chelsea-Flatiron-Union Square,200180,POINT (-73.99364399999997 40.7527229)
363,Hudson Yards-Chelsea-Flatiron-Union Square,200193,POINT (-73.994615 40.7522619)
364,Hudson Yards-Chelsea-Flatiron-Union Square,200194,POINT (-73.99374499999998 40.7537412)
365,Hudson Yards-Chelsea-Flatiron-Union Square,200196,POINT (-73.9942033 40.7539361)
366,Hudson Yards-Chelsea-Flatiron-Union Square,200241,POINT (-73.9925358 40.7545289)
367,Hudson Yards-Chelsea-Flatiron-Union Square,200253,POINT (-73.99439459999998 40.7548227)
368,Clinton,200259,POINT (-73.99308420000001 40.75669179999999)
369,Clinton,200276,POINT (-73.99283879999999 40.75627460000001)
370,Clinton,200300,POINT (-73.9917343 40.7561235)
371,Clinton,200319,POINT (-73.9923695 40.7563898)
372,Clinton,200320,POINT (-73.99252829999998 40.7564585)
373,Midtown-Midtown South,200323,POINT (-73.9892766 40.75345)
374,Clinton,200332,POINT (-73.99287120000002 40.75660120000001)
375,Midtown-Midtown South,200417,POINT (-73.9838656 40.7560568)
376,Midtown-Midtown South,200422,POINT (-73.9866888 40.75295560000001)
377,Midtown-Midtown South,200426,POINT (-73.98538559999999 40.7540314)
378,Midtown-Midtown South,200432,POINT (-73.9878944 40.752566)
379,Midtown-Midtown South,200442,POINT (-73.98626259999998 40.7546518)
380,Midtown-Midtown South,200447,POINT (-73.98716850000002 40.75499779999999)
381,Midtown-Midtown South,200449,POINT (-73.98336009999998 40.7566716)
382,Midtown-Midtown South,200453,POINT (-73.984645 40.7571548)
383,Midtown-Midtown South,200457,POINT (-73.9868007 40.7532466)
384,Midtown-Midtown South,200458,POINT (-73.9875657 40.7541936)
385,Midtown-Midtown South,200460,POINT (-73.9856377 40.7567707)
386,Midtown-Midtown South,200463,POINT (-73.9839412 40.757034)
387,Midtown-Midtown South,200469,POINT (-73.9840421 40.75756920000001)
388,Midtown-Midtown South,200470,POINT (-73.9840995 40.75922979999999)
389,Midtown-Midtown South,200472,POINT (-73.98339200000002 40.7589305)
390,Midtown-Midtown South,200476,POINT (-73.98039809999999 40.7642576)
391,Midtown-Midtown South,200479,POINT (-73.9861798 40.7535759)
392,Midtown-Midtown South,200483,POINT (-73.9779577 40.7643367)
393,Midtown-Midtown South,200503,POINT (-73.98251879999999 40.7578984)
394,Midtown-Midtown South,200509,POINT (-73.97837309999998 40.7636946)
395,Midtown-Midtown South,200510,POINT (-73.98830840000002 40.7587088)
396,Midtown-Midtown South,200528,POINT (-73.9869978 40.7605092)
397,Midtown-Midtown South,200543,POINT (-73.98643879999999 40.75792910000001)
398,Midtown-Midtown South,200555,POINT (-73.98609159999999 40.7608934)
399,Midtown-Midtown South,200565,POINT (-73.98470159999999 40.7621064)
400,Midtown-Midtown South,200570,POINT (-73.98391140000003 40.7608848)
401,Midtown-Midtown South,200583,POINT (-73.98354620000001 40.7631025)
402,Midtown-Midtown South,200596,POINT (-73.98407309999997 40.763561)
403,Midtown-Midtown South,200600,POINT (-73.98507740000002 40.7606188)
404,Midtown-Midtown South,200609,POINT (-73.9837485 40.7625179)
405,Clinton,200620,POINT (-73.99158249999998 40.75750410000001)
406,Midtown-Midtown South,200621,POINT (-73.98146990000002 40.7654737)
407,Midtown-Midtown South,200624,POINT (-73.98253100000002 40.7662753)
408,Midtown-Midtown South,200650,POINT (-73.9816902 40.7649495)
409,Clinton,200776,POINT (-73.9874308 40.761426)
410,Clinton,201162,POINT (-73.99760670000001 40.7609628)
411,Clinton,201169,POINT (-73.99637940000002 40.7605401)
412,Lincoln Square,201279,POINT (-73.98142800000002 40.7731562)
413,Midtown-Midtown South,201299,POINT (-73.9816422 40.7559961)
414,Lincoln Square,201301,POINT (-73.9860604 40.7719602)
415,Midtown-Midtown South,201371,POINT (-73.9801264 40.75522460000001)
416,Midtown-Midtown South,201385,POINT (-73.97847469999998 40.7619654)
417,Midtown-Midtown South,201394,POINT (-73.9783412 40.7617211)
418,Midtown-Midtown South,201416,POINT (-73.9758652 40.7609932)
419,Midtown-Midtown South,201427,POINT (-73.9768041 40.7597693)
420,Midtown-Midtown South,201434,POINT (-73.97797299999998 40.76188300000001)
421,Midtown-Midtown South,201435,POINT (-73.9779188 40.761861)
422,Midtown-Midtown South,201456,POINT (-73.9803579 40.7535668)
423,Midtown-Midtown South,201473,POINT (-73.97855340000002 40.7529654)
424,Midtown-Midtown South,201488,POINT (-73.9767262 40.7554682)
425,Midtown-Midtown South,201490,POINT (-73.97809479999999 40.7535911)
426,Midtown-Midtown South,201498,POINT (-73.97747079999998 40.7632744)
427,Murray Hill-Kips Bay,201507,POINT (-73.9783047 40.7519278)
428,Midtown-Midtown South,201517,POINT (-73.97942629999999 40.7548375)
429,Murray Hill-Kips Bay,201521,POINT (-73.98135450000002 40.7522303)
430,Midtown-Midtown South,201531,POINT (-73.97735390000003 40.75660739999999)
431,Midtown-Midtown South,201535,POINT (-73.9750944 40.75641760000001)
432,Midtown-Midtown South,201558,POINT (-73.97429200000001 40.7591896)
433,Midtown-Midtown South,201595,POINT (-73.976101 40.75763920000001)
434,Turtle Bay-East Midtown,201606,POINT (-73.9716033 40.7580609)
435,Midtown-Midtown South,201607,POINT (-73.9759897 40.7559814)
436,Turtle Bay-East Midtown,201620,POINT (-73.97409959999997 40.7527476)
437,Midtown-Midtown South,201623,POINT (-73.97376070000001 40.7609324)
438,Turtle Bay-East Midtown,201629,POINT (-73.97441459999997 40.7502719)
439,Turtle Bay-East Midtown,201630,POINT (-73.9761058 40.75439220000001)
440,Turtle Bay-East Midtown,201637,POINT (-73.9738693 40.7510156)
441,Turtle Bay-East Midtown,201646,POINT (-73.9712564 40.7505594)
442,Turtle Bay-East Midtown,201662,POINT (-73.97178509999998 40.7550115)
443,Turtle Bay-East Midtown,201667,POINT (-73.97472329999999 40.75462520000001)
444,Turtle Bay-East Midtown,201682,POINT (-73.9713553 40.7556345)
445,Turtle Bay-East Midtown,201689,POINT (-73.97076259999999 40.7572125)
446,Midtown-Midtown South,201867,POINT (-73.97702159999999 40.7572304)
447,DUMBO-Vinegar Hill-Downtown Brooklyn-Boerum Hill,203013,POINT (-73.98382719999999 40.6911241)
448,DUMBO-Vinegar Hill-Downtown Brooklyn-Boerum Hill,203045,POINT (-73.98595440000003 40.692741)
449,DUMBO-Vinegar Hill-Downtown Brooklyn-Boerum Hill,203048,POINT (-73.98239220000001 40.690402)
450,DUMBO-Vinegar Hill-Downtown Brooklyn-Boerum Hill,203100,POINT (-73.98496340000001 40.6897875)
451,DUMBO-Vinegar Hill-Downtown Brooklyn-Boerum Hill,203106,POINT (-73.98151999999997 40.688788)
452,Hunters Point-Sunnyside-West Maspeth,215936,POINT (-73.94406409999998 40.7470581)
453,Clinton,227300,POINT (-73.9881637 40.7602403)
454,Clinton,227310,POINT (-73.99379140000001 40.7593899)
455,Clinton,227378,POINT (-73.98814209999998 40.7601004)
456,Lower East Side,240655,POINT (-73.9848889 40.7161977)
457,Hudson Yards-Chelsea-Flatiron-Union Square,240874,POINT (-73.99044359999998 40.7455891)
458,Midtown-Midtown South,240940,POINT (-73.9849073 40.7463323)
459,Murray Hill-Kips Bay,241027,POINT (-73.9836269 40.7433733)
460,Murray Hill-Kips Bay,241084,POINT (-73.97815079999999 40.748033)
461,Murray Hill-Kips Bay,241088,POINT (-73.977144 40.7475607)
462,Gramercy,241095,POINT (-73.98367859999998 40.7385783)
463,Murray Hill-Kips Bay,241124,POINT (-73.9810746 40.7465102)
464,Lincoln Square,241194,POINT (-73.99042890000003 40.7727182)
465,Lenox Hill-Roosevelt Island,241255,POINT (-73.9626588 40.7644399)
466,Yorkville,241399,POINT (-73.9488276 40.7710274)
467,North Side-South Side,248472,POINT (-73.9666071 40.7159468)
468,Lenox Hill-Roosevelt Island,251662,POINT (-73.9567328 40.7676354)
469,Lincoln Square,252844,POINT (-73.98790059999997 40.7783968)
470,Lenox Hill-Roosevelt Island,262925,POINT (-73.964623 40.7636692)
471,Chinatown,265657,POINT (-74.0036757 40.7129735)
472,Chinatown,265688,POINT (-74.00231219999998 40.713657)
473,SoHo-TriBeCa-Civic Center-Little Italy,265818,POINT (-73.9998377 40.7197751)
474,West Village,266971,POINT (-73.9930761 40.7304986)
475,West Village,266985,POINT (-73.9934441 40.7300705)
476,East Village,267003,POINT (-73.9892656 40.7321095)
477,Hudson Yards-Chelsea-Flatiron-Union Square,267711,POINT (-73.99431250000001 40.7441621)
478,Hudson Yards-Chelsea-Flatiron-Union Square,267729,POINT (-73.9927462 40.74430200000001)
479,Hudson Yards-Chelsea-Flatiron-Union Square,267735,POINT (-73.9929411 40.7440605)
480,Midtown-Midtown South,267767,POINT (-73.9915046 40.7452571)
481,Midtown-Midtown South,267815,POINT (-73.991663 40.7487045)
482,Midtown-Midtown South,267833,POINT (-73.9920747 40.7464483)
483,Midtown-Midtown South,267844,POINT (-73.99243199999999 40.74659929999999)
484,Hudson Yards-Chelsea-Flatiron-Union Square,267916,POINT (-73.9912233 40.7443376)
485,Midtown-Midtown South,267924,POINT (-73.989469 40.7468461)
486,Midtown-Midtown South,267971,POINT (-73.9891552 40.74572620000001)
487,Midtown-Midtown South,267978,POINT (-73.98893509999998 40.7455725)
488,Midtown-Midtown South,268026,POINT (-73.98712279999999 40.7484104)
489,Midtown-Midtown South,268057,POINT (-73.984942 40.7524586)
490,Midtown-Midtown South,268070,POINT (-73.9838125 40.7519123)
491,Hudson Yards-Chelsea-Flatiron-Union Square,268106,POINT (-73.9862687 40.7423828)
492,Midtown-Midtown South,268113,POINT (-73.9862141 40.7446417)
493,Hudson Yards-Chelsea-Flatiron-Union Square,268115,POINT (-73.98810590000002 40.7405084)
494,Hudson Yards-Chelsea-Flatiron-Union Square,268117,POINT (-73.98888890000001 40.7407939)
495,Midtown-Midtown South,268156,POINT (-73.9847202 40.7441612)
496,Midtown-Midtown South,268168,POINT (-73.9851529 40.7457175)
497,Gramercy,268335,POINT (-73.98433490000002 40.7405353)
498,Murray Hill-Kips Bay,268527,POINT (-73.982089 40.7454015)
499,Murray Hill-Kips Bay,268818,POINT (-73.97469340000001 40.7479335)
500,Turtle Bay-East Midtown,268855,POINT (-73.9745054 40.7487075)
501,Murray Hill-Kips Bay,268961,POINT (-73.9724525 40.7470876)
502,Murray Hill-Kips Bay,268986,POINT (-73.97319940000001 40.7475489)
503,Lincoln Square,269022,POINT (-73.97714859999998 40.776408)
504,Lincoln Square,269050,POINT (-73.9825427 40.7768096)
505,Lincoln Square,269145,POINT (-73.98838499999999 40.7751525)
506,Upper West Side,269202,POINT (-73.9676814 40.7916335)
507,Turtle Bay-East Midtown,269433,POINT (-73.9717216 40.7515696)
508,Turtle Bay-East Midtown,269434,POINT (-73.9723639 40.75183320000001)
509,Turtle Bay-East Midtown,269445,POINT (-73.97045079999999 40.76034970000001)
510,Turtle Bay-East Midtown,269519,POINT (-73.97148079999999 40.749209)
511,Turtle Bay-East Midtown,269523,POINT (-73.9677016 40.7575576)
512,Turtle Bay-East Midtown,269537,POINT (-73.96854190000001 40.7513958)
513,Turtle Bay-East Midtown,269545,POINT (-73.9689248 40.750707)
514,Turtle Bay-East Midtown,269553,POINT (-73.9695596 40.7517008)
515,Upper East Side-Carnegie Hill,269776,POINT (-73.96439119999999 40.7651238)
516,Upper East Side-Carnegie Hill,269873,POINT (-73.9582887 40.7734658)
517,Lenox Hill-Roosevelt Island,270214,POINT (-73.95813199999998 40.7642818)
518,Lenox Hill-Roosevelt Island,270372,POINT (-73.9508903 40.7694446)
519,Yorkville,270604,POINT (-73.94971140000001 40.7816115)
520,Yorkville,270616,POINT (-73.95408570000002 40.774112)
521,Yorkville,270630,POINT (-73.95109090000003 40.7813596)
522,Yorkville,270829,POINT (-73.9516385 40.7732052)
523,East Harlem North,271691,POINT (-73.93615129999998 40.8017346)
524,East Harlem North,271769,POINT (-73.93663149999998 40.8019353)
525,Morningside Heights,272725,POINT (-73.9599017 40.8169072)
526,Central Harlem North-Polo Grounds,272734,POINT (-73.936261 40.8229267)
527,Morningside Heights,272735,POINT (-73.96034969999999 40.8168717)
528,Washington Heights South,273788,POINT (-73.9430278 40.8447809)
529,Washington Heights South,273819,POINT (-73.94332490000002 40.8439192)
530,West Concourse,275137,POINT (-73.92852090000002 40.8169881)
531,Van Cortlandt Village,282942,POINT (-73.8861876 40.8795554)
532,Pelham Parkway,292449,POINT (-73.84443329999998 40.8524439)
533,Pelham Bay-Country Club-City Island,293093,POINT (-73.8305146 40.8546722)
534,Williamsbridge-Olinville,300090,POINT (-73.8609397 40.8776339)
535,DUMBO-Vinegar Hill-Downtown Brooklyn-Boerum Hill,316469,POINT (-73.99083929999998 40.7022)
536,Brooklyn Heights-Cobble Hill,316598,POINT (-73.99126149999999 40.7003528)
537,Crown Heights South,327637,POINT (-73.9598184 40.6676559)
538,Fort Greene,341393,POINT (-73.9701642 40.682931)
539,Middle Village,465596,POINT (-73.8868092 40.7268284)
540,Turtle Bay-East Midtown,527178,POINT (-73.9742574 40.75525089999999)
541,Midtown-Midtown South,532273,POINT (-73.9775681 40.7649531)
542,SoHo-TriBeCa-Civic Center-Little Italy,588079,POINT (-74.0038165 40.7151364)
543,SoHo-TriBeCa-Civic Center-Little Italy,588083,POINT (-74.0045885 40.7155645)
544,Yorkville,588211,POINT (-73.9494689 40.7823113)
545,Turtle Bay-East Midtown,594547,POINT (-73.9733313 40.7515809)
546,Lincoln Square,594583,POINT (-73.9867177 40.7710874)
547,Norwood,595395,POINT (-73.8773741 40.8799937)
548,Turtle Bay-East Midtown,597179,POINT (-73.9710922 40.7547122)
549,Midtown-Midtown South,597218,POINT (-73.988125 40.7550692)
550,Midtown-Midtown South,598219,POINT (-73.9875377 40.7492454)
551,Hunters Point-Sunnyside-West Maspeth,598537,POINT (-73.9396359 40.7470064)
552,Queensbridge-Ravenswood-Long Island City,598781,POINT (-73.93620779999998 40.7502873)
553,Hunters Point-Sunnyside-West Maspeth,598920,POINT (-73.94230709999999 40.7505815)
554,Hunters Point-Sunnyside-West Maspeth,598955,POINT (-73.9386056 40.74894920000001)
555,Midtown-Midtown South,599269,POINT (-73.9817906 40.7543026)
556,Lenox Hill-Roosevelt Island,599367,POINT (-73.9600021 40.7699559)
557,Midtown-Midtown South,599833,POINT (-73.9825247 40.762913)
558,Midtown-Midtown South,599881,POINT (-73.98571170000002 40.74845139999999)
559,Midtown-Midtown South,599882,POINT (-73.9817958 40.7616942)
560,Midtown-Midtown South,599884,POINT (-73.98002700000001 40.761768)
561,Midtown-Midtown South,599887,POINT (-73.9835277 40.7648921)
562,Midtown-Midtown South,599899,POINT (-73.9807017 40.76287979999999)
563,Midtown-Midtown South,599903,POINT (-73.9833739 40.7592489)
564,Midtown-Midtown South,599905,POINT (-73.9833124 40.7597182)
565,Midtown-Midtown South,599909,POINT (-73.98046690000002 40.7634644)
566,Midtown-Midtown South,599913,POINT (-73.9820672 40.7593805)
567,Midtown-Midtown South,599916,POINT (-73.98581709999998 40.7618265)
568,Midtown-Midtown South,599921,POINT (-73.982843 40.7605196)
569,Midtown-Midtown South,599924,POINT (-73.9808815 40.76536110000001)
570,Midtown-Midtown South,599934,POINT (-73.9890053 40.7575423)
571,Midtown-Midtown South,599936,POINT (-73.975103 40.7622941)
572,Clinton,599938,POINT (-73.9859611 40.7636189)
573,Midtown-Midtown South,599939,POINT (-73.98227179999998 40.7635113)
574,Murray Hill-Kips Bay,599944,POINT (-73.9810694 40.7521095)
575,Lincoln Square,599948,POINT (-73.9804137 40.7725714)
576,Midtown-Midtown South,599959,POINT (-73.97940149999999 40.7533251)
577,Clinton,599960,POINT (-73.99151020000002 40.7582727)
578,Midtown-Midtown South,599967,POINT (-73.9732772 40.76043)
579,Turtle Bay-East Midtown,599970,POINT (-73.974237 40.7521301)
580,Midtown-Midtown South,599975,POINT (-73.9789816 40.7570771)
581,Midtown-Midtown South,599981,POINT (-73.9721327 40.76088529999999)
582,Murray Hill-Kips Bay,599984,POINT (-73.9789257 40.7513406)
583,Turtle Bay-East Midtown,599985,POINT (-73.9726656 40.7554619)
584,Midtown-Midtown South,599987,POINT (-73.97268129999998 40.7611792)
585,Murray Hill-Kips Bay,599988,POINT (-73.9777565 40.7508737)
586,Turtle Bay-East Midtown,599989,POINT (-73.97378570000002 40.7524319)
587,Midtown-Midtown South,599991,POINT (-73.9788703 40.7553863)
588,Murray Hill-Kips Bay,599992,POINT (-73.9794417 40.7517826)
589,Midtown-Midtown South,599994,POINT (-73.97844720000001 40.7576753)
590,Midtown-Midtown South,599998,POINT (-73.97492059999998 40.7579519)
591,Midtown-Midtown South,600000,POINT (-73.97421679999999 40.75768)
592,Midtown-Midtown South,600002,POINT (-73.97827270000001 40.7616936)
593,Murray Hill-Kips Bay,600005,POINT (-73.9758764 40.75008010000001)
594,Turtle Bay-East Midtown,600006,POINT (-73.9733198 40.7531756)
595,Midtown-Midtown South,600008,POINT (-73.97372929999999 40.7583057)
596,Murray Hill-Kips Bay,600009,POINT (-73.9800333 40.7526473)
597,Murray Hill-Kips Bay,600012,POINT (-73.9770238 40.7507364)
598,Turtle Bay-East Midtown,600014,POINT (-73.9753741 40.7516363)
599,Midtown-Midtown South,600016,POINT (-73.97367120000001 40.7591236)
600,Turtle Bay-East Midtown,600018,POINT (-73.9697584 40.75890029999999)
601,Turtle Bay-East Midtown,600020,POINT (-73.97240500000002 40.7570757)
602,Turtle Bay-East Midtown,600021,POINT (-73.97348909999999 40.7540787)
603,Turtle Bay-East Midtown,600024,POINT (-73.97461990000002 40.7513562)
604,Turtle Bay-East Midtown,600025,POINT (-73.974948 40.7522455)
605,Turtle Bay-East Midtown,600026,POINT (-73.9728142 40.7538562)
606,Midtown-Midtown South,600028,POINT (-73.97473220000001 40.75970570000001)
607,Turtle Bay-East Midtown,600033,POINT (-73.97127159999999 40.7571907)
608,Turtle Bay-East Midtown,600037,POINT (-73.974138 40.7560139)
609,Turtle Bay-East Midtown,600040,POINT (-73.97398149999999 40.7501072)
610,Turtle Bay-East Midtown,600041,POINT (-73.9719997 40.7509823)
611,Turtle Bay-East Midtown,600042,POINT (-73.97214820000001 40.7584563)
612,Turtle Bay-East Midtown,600044,POINT (-73.97075150000001 40.7578658)
613,Midtown-Midtown South,600078,POINT (-73.97845140000003 40.7560367)
614,Central Harlem South,600094,POINT (-73.9493648 40.8099534)
615,Turtle Bay-East Midtown,600516,POINT (-73.9702265 40.7534933)
616,Turtle Bay-East Midtown,600530,POINT (-73.9700955 40.7559059)
617,Yorkville,602111,POINT (-73.94972129999999 40.7732263)
618,Lenox Hill-Roosevelt Island,602136,POINT (-73.95374559999998 40.7699535)
619,Midtown-Midtown South,603300,POINT (-73.98149649999998 40.7474929)
620,Gramercy,603336,POINT (-73.98182309999999 40.7412404)
621,Murray Hill-Kips Bay,603365,POINT (-73.976866 40.74809310000001)
622,Lincoln Square,603395,POINT (-73.9766865 40.776062)
623,Murray Hill-Kips Bay,603403,POINT (-73.9784803 40.7446158)
624,Lincoln Square,603414,POINT (-73.982788 40.7777978)
625,Midtown-Midtown South,603418,POINT (-73.9779355 40.766055)
626,Upper West Side,603438,POINT (-73.9677083 40.788359)
627,Upper West Side,603441,POINT (-73.97056640000002 40.792798)
628,Upper West Side,603451,POINT (-73.968816 40.79045900000001)
629,Upper West Side,603456,POINT (-73.97377879999998 40.7884621)
630,Upper West Side,603488,POINT (-73.969043 40.7914088)
631,Lenox Hill-Roosevelt Island,603505,POINT (-73.95525119999998 40.7697977)
632,Turtle Bay-East Midtown,603511,POINT (-73.96829990000001 40.7517581)
633,Lenox Hill-Roosevelt Island,603517,POINT (-73.9627675 40.7635973)
634,Lenox Hill-Roosevelt Island,603518,POINT (-73.9640811 40.7643387)
635,Lenox Hill-Roosevelt Island,603519,POINT (-73.9614199 40.7655977)
636,Lenox Hill-Roosevelt Island,603540,POINT (-73.9608131 40.7660669)
637,Lenox Hill-Roosevelt Island,603554,POINT (-73.95341120000001 40.7680129)
638,Yorkville,603561,POINT (-73.95568759999998 40.7759049)
639,Yorkville,603571,POINT (-73.94695250000002 40.7727914)
640,Yorkville,603578,POINT (-73.94670390000002 40.781182)
641,Yorkville,603584,POINT (-73.945572 40.7788484)
642,Lenox Hill-Roosevelt Island,603653,POINT (-73.9572117 40.7696063)
643,Yorkville,606262,POINT (-73.94939359999999 40.77218320000001)
644,Lincoln Square,606275,POINT (-73.98087640000001 40.77044160000001)
645,Turtle Bay-East Midtown,606500,POINT (-73.9724264 40.7577537)
646,Upper East Side-Carnegie Hill,606520,POINT (-73.96306120000001 40.7678407)
647,Upper East Side-Carnegie Hill,606530,POINT (-73.9612551 40.7695336)
648,Murray Hill-Kips Bay,606541,POINT (-73.98011159999999 40.7444762)
649,Lenox Hill-Roosevelt Island,606673,POINT (-73.95331440000002 40.7722727)
650,Washington Heights South,607908,POINT (-73.93556120000002 40.8479499)
651,Brooklyn Heights-Cobble Hill,614926,POINT (-73.9917999 40.6920033)
652,Clinton,615440,POINT (-73.98957540000001 40.7585964)
653,Clinton,616370,POINT (-73.98694329999999 40.76223020000001)
654,Midtown-Midtown South,618216,POINT (-73.9847139 40.7555629)
655,Battery Park City-Lower Manhattan,618772,POINT (-74.01022890000002 40.7063033)
656,Battery Park City-Lower Manhattan,618773,POINT (-74.0099187 40.7062073)
657,Clinton,618814,POINT (-73.9917902 40.7707695)
658,Gramercy,618975,POINT (-73.98526700000002 40.7353644)
659,Yorkville,619054,POINT (-73.9470431 40.77233579999999)
660,Murray Hill-Kips Bay,619764,POINT (-73.9773745 40.7491939)
661,Turtle Bay-East Midtown,619793,POINT (-73.96525890000002 40.7556438)
662,Murray Hill-Kips Bay,620493,POINT (-73.9779929 40.745409)
663,Yorkville,620551,POINT (-73.950164 40.7751643)
664,Yorkville,620585,POINT (-73.9462556 40.78178010000001)
665,Highbridge,621278,POINT (-73.9278532 40.8363709)
666,Murray Hill-Kips Bay,628806,POINT (-73.97997600000002 40.751198)
667,Lincoln Square,628862,POINT (-73.98010309999999 40.7727306)
668,Lincoln Square,628869,POINT (-73.98018259999998 40.7727635)
669,Lincoln Square,628875,POINT (-73.9803378 40.7728294)
670,Midtown-Midtown South,629232,POINT (-73.9812792 40.7629979)
671,Battery Park City-Lower Manhattan,630271,POINT (-74.01373050000002 40.7033469)
672,Battery Park City-Lower Manhattan,630290,POINT (-74.01105440000001 40.7039922)
673,Battery Park City-Lower Manhattan,630295,POINT (-74.0122987 40.70384110000001)
674,Battery Park City-Lower Manhattan,630311,POINT (-74.01104740000002 40.70527670000001)
675,Battery Park City-Lower Manhattan,630317,POINT (-74.01264509999999 40.7044998)
676,Battery Park City-Lower Manhattan,630322,POINT (-74.00771490000002 40.7064627)
677,Battery Park City-Lower Manhattan,630330,POINT (-74.00680240000001 40.7061471)
678,Battery Park City-Lower Manhattan,630368,POINT (-74.00723149999997 40.7055844)
679,Battery Park City-Lower Manhattan,630379,POINT (-74.0081187 40.7050409)
680,Hudson Yards-Chelsea-Flatiron-Union Square,634205,POINT (-74.00046570000001 40.76127020000001)
681,Sheepshead Bay-Gerritsen Beach-Manhattan Beach,637713,POINT (-73.9535632 40.5863199)
682,Lincoln Square,638718,POINT (-73.9912844 40.7739918)
683,Clinton,638730,POINT (-73.9996498 40.7617808)
684,Battery Park City-Lower Manhattan,638811,POINT (-74.01387820000002 40.7028912)
685,Battery Park City-Lower Manhattan,638869,POINT (-74.01330109999998 40.7027595)
686,University Heights-Morris Heights,640816,POINT (-73.9226493 40.8518696)
687,Yorkville,641866,POINT (-73.9445418 40.7802176)
688,Hunters Point-Sunnyside-West Maspeth,641970,POINT (-73.9558542 40.7479031)
689,Hudson Yards-Chelsea-Flatiron-Union Square,642067,POINT (-73.99874399999999 40.752391)
690,Hudson Yards-Chelsea-Flatiron-Union Square,642068,POINT (-73.9979572 40.7520863)
691,Greenpoint,642131,POINT (-73.9609233 40.7320842)
692,Lower East Side,642135,POINT (-73.9890418 40.7108321)
693,Lower East Side,642137,POINT (-73.99123859999997 40.7104563)
694,Lenox Hill-Roosevelt Island,642314,POINT (-73.95153140000002 40.7664998)
695,Battery Park City-Lower Manhattan,642397,POINT (-74.007693 40.7038085)
696,Battery Park City-Lower Manhattan,642398,POINT (-74.006355 40.7049093)
697,Battery Park City-Lower Manhattan,642399,POINT (-74.0059583 40.70476110000001)
698,Battery Park City-Lower Manhattan,642400,POINT (-74.00551470000001 40.7052689)
699,Greenpoint,642415,POINT (-73.95862890000002 40.7372408)
700,Battery Park City-Lower Manhattan,643296,POINT (-74.01223359999999 40.70297100000001)
701,Battery Park City-Lower Manhattan,643442,POINT (-74.0099012 40.7103437)
702,Battery Park City-Lower Manhattan,643443,POINT (-74.00994449999997 40.7102888)
703,SoHo-TriBeCa-Civic Center-Little Italy,643524,POINT (-74.01223570000001 40.71451)
704,Hudson Yards-Chelsea-Flatiron-Union Square,644168,POINT (-73.9962857 40.7593571)
705,Midtown-Midtown South,644193,POINT (-73.9782041 40.7616662)
706,Clinton,644216,POINT (-73.9922777 40.7699763)
707,Battery Park City-Lower Manhattan,645538,POINT (-74.0143413 40.7094292)
708,Battery Park City-Lower Manhattan,645568,POINT (-74.0158373 40.7056)
709,SoHo-TriBeCa-Civic Center-Little Italy,645573,POINT (-74.0123949 40.7165768)
710,SoHo-TriBeCa-Civic Center-Little Italy,645575,POINT (-74.01211690000002 40.7156271)
711,Battery Park City-Lower Manhattan,645576,POINT (-74.01371359999997 40.70916029999999)
712,Battery Park City-Lower Manhattan,645577,POINT (-74.0155345 40.7063823)
713,Battery Park City-Lower Manhattan,645583,POINT (-74.01234340000001 40.711639)
714,Battery Park City-Lower Manhattan,645585,POINT (-74.01561020000003 40.706182)
715,Battery Park City-Lower Manhattan,645586,POINT (-74.01412459999997 40.7082654)
716,Battery Park City-Lower Manhattan,645590,POINT (-74.0149938 40.7077603)
717,Battery Park City-Lower Manhattan,645597,POINT (-74.0140885 40.7078757)
718,SoHo-TriBeCa-Civic Center-Little Italy,645610,POINT (-74.0129354 40.7137743)
719,SoHo-TriBeCa-Civic Center-Little Italy,645632,POINT (-74.01259300000002 40.7154075)
720,Hudson Yards-Chelsea-Flatiron-Union Square,645663,POINT (-74.00741979999999 40.7447)
721,Hunters Point-Sunnyside-West Maspeth,651619,POINT (-73.9583361 40.74384179999999)
722,Hunters Point-Sunnyside-West Maspeth,651621,POINT (-73.9571016 40.7443436)
723,Hunters Point-Sunnyside-West Maspeth,651624,POINT (-73.95901490000001 40.743315)
724,Hunters Point-Sunnyside-West Maspeth,651625,POINT (-73.9595535 40.7419154)
725,Hunters Point-Sunnyside-West Maspeth,651801,POINT (-73.9574975 40.74596320000001)
726,Hunters Point-Sunnyside-West Maspeth,651802,POINT (-73.95666440000002 40.74506810000001)
727,Hunters Point-Sunnyside-West Maspeth,651806,POINT (-73.95623089999999 40.7456992)
728,Co-op City,651874,POINT (-73.82194790000001 40.8639144)
729,Greenpoint,652141,POINT (-73.9595676 40.73642589999999)
730,Battery Park City-Lower Manhattan,652173,POINT (-74.00819799999999 40.7042257)
731,Battery Park City-Lower Manhattan,652175,POINT (-74.0067554 40.7052441)
732,Battery Park City-Lower Manhattan,652176,POINT (-74.0061676 40.7056614)
733,Battery Park City-Lower Manhattan,652177,POINT (-74.0072603 40.7047912)
734,Murray Hill-Kips Bay,655662,POINT (-73.97928829999999 40.745895)
735,Murray Hill-Kips Bay,655670,POINT (-73.97274449999998 40.7389687)
736,SoHo-TriBeCa-Civic Center-Little Italy,656487,POINT (-74.00781009999999 40.7129788)
737,Midtown-Midtown South,658234,POINT (-73.9850065 40.7547532)
738,Midtown-Midtown South,658243,POINT (-73.9785716 40.7637769)
739,Turtle Bay-East Midtown,658318,POINT (-73.9716595 40.7532713)
740,Midtown-Midtown South,658320,POINT (-73.97964520000002 40.7591495)
741,Lenox Hill-Roosevelt Island,658328,POINT (-73.95008609999999 40.7681872)
742,Lenox Hill-Roosevelt Island,658339,POINT (-73.961811 40.7634624)
743,Battery Park City-Lower Manhattan,658372,POINT (-74.01183039999999 40.7071211)
744,Lincoln Square,658392,POINT (-73.9850125 40.7760469)
745,Yorkville,658417,POINT (-73.94884140000001 40.7813504)
746,Lincoln Square,659149,POINT (-73.98827259999999 40.7775652)
747,Battery Park City-Lower Manhattan,659880,POINT (-74.01049999999999 40.7104644)
748,Battery Park City-Lower Manhattan,659899,POINT (-74.0101141 40.7104836)
749,SoHo-TriBeCa-Civic Center-Little Italy,659918,POINT (-74.0063136 40.7245975)
750,DUMBO-Vinegar Hill-Downtown Brooklyn-Boerum Hill,660124,POINT (-73.9828454 40.6950105)
751,Murray Hill-Kips Bay,662240,POINT (-73.97322109999998 40.7472415)
752,Lincoln Square,662267,POINT (-73.98570359999999 40.769166)
753,Hunters Point-Sunnyside-West Maspeth,666753,POINT (-73.95603509999999 40.7472225)
754,Prospect Heights,671273,POINT (-73.9739541 40.681705)
755,Murray Hill-Kips Bay,671848,POINT (-73.97897640000002 40.7392033)
756,Lincoln Square,672025,POINT (-73.98839630000001 40.7720428)
757,Midtown-Midtown South,672031,POINT (-73.981002 40.76054129999999)
758,Midtown-Midtown South,672086,POINT (-73.99075309999998 40.75146289999999)
759,Yorkville,672133,POINT (-73.9448709 40.77955900000001)
760,Midtown-Midtown South,672490,POINT (-73.9797985 40.7535063)
761,Greenpoint,672767,POINT (-73.95909109999999 40.7368265)
762,Lower East Side,673964,POINT (-73.97584499999998 40.7269611)
763,North Side-South Side,674200,POINT (-73.96422790000003 40.7196954)
764,Marble Hill-Inwood,674638,POINT (-73.9134842 40.87558)
765,Battery Park City-Lower Manhattan,674802,POINT (-74.0129013 40.7054275)
766,Midtown-Midtown South,674922,POINT (-73.9828835 40.7572891)
767,Midtown-Midtown South,674952,POINT (-73.9888723 40.7541032)
768,DUMBO-Vinegar Hill-Downtown Brooklyn-Boerum Hill,675060,POINT (-73.98064429999999 40.6872205)
769,Turtle Bay-East Midtown,676375,POINT (-73.96906009999999 40.7546348)
770,Lenox Hill-Roosevelt Island,676621,POINT (-73.954936 40.76606470000001)
771,Lincoln Square,676803,POINT (-73.98948609999999 40.7757016)
772,Lincoln Square,676839,POINT (-73.98994829999999 40.7750511)
773,Lenox Hill-Roosevelt Island,676841,POINT (-73.95389899999998 40.7674092)
774,Clinton Hill,679541,POINT (-73.96737759999998 40.6821342)
775,SoHo-TriBeCa-Civic Center-Little Italy,680128,POINT (-74.0108694 40.7195193)
776,Hudson Yards-Chelsea-Flatiron-Union Square,680669,POINT (-73.9941608 40.7455454)
777,Midtown-Midtown South,680718,POINT (-73.9888988 40.7465935)
778,Hudson Yards-Chelsea-Flatiron-Union Square,680733,POINT (-73.99240340000001 40.7440055)
779,Midtown-Midtown South,680761,POINT (-73.98531870000002 40.7467194)
780,Midtown-Midtown South,680762,POINT (-73.9821208 40.7477153)
781,Hudson Yards-Chelsea-Flatiron-Union Square,680765,POINT (-73.98461570000001 40.7432554)
782,Murray Hill-Kips Bay,680792,POINT (-73.9826908 40.74893400000001)
783,Hudson Yards-Chelsea-Flatiron-Union Square,680807,POINT (-73.98648540000001 40.7415128)
784,Murray Hill-Kips Bay,680954,POINT (-73.97915709999999 40.7383799)
785,Murray Hill-Kips Bay,680972,POINT (-73.9727199 40.7463274)
786,Lincoln Square,681012,POINT (-73.98277390000001 40.77612620000001)
787,Lincoln Square,681068,POINT (-73.98940329999998 40.77379129999999)
788,Upper West Side,681098,POINT (-73.9697013 40.7892049)
789,Turtle Bay-East Midtown,681222,POINT (-73.9733432 40.748957)
790,Upper East Side-Carnegie Hill,681231,POINT (-73.96484270000001 40.7644982)
791,Yorkville,681377,POINT (-73.9490095 40.77391770000001)
792,Yorkville,681395,POINT (-73.95230620000002 40.773469)
793,East Harlem North,682070,POINT (-73.9396761 40.8022965)
794,Lincoln Square,683278,POINT (-73.9885616 40.7769806)
795,Yorkville,689190,POINT (-73.9459804 40.7783189)
796,Murray Hill-Kips Bay,689374,POINT (-73.980597 40.7504653)
797,Brooklyn Heights-Cobble Hill,689469,POINT (-73.9919295 40.6939027)
798,Lincoln Square,689485,POINT (-73.98371059999999 40.7699425)
799,Bay Ridge,689907,POINT (-74.0228618 40.6383217)
800,Hunters Point-Sunnyside-West Maspeth,689947,POINT (-73.9378882 40.748043)
801,Fort Greene,691654,POINT (-73.97997650000001 40.6896907)
802,Sunset Park West,691730,POINT (-74.0250025 40.6396085)
803,Hunters Point-Sunnyside-West Maspeth,691788,POINT (-73.93732850000001 40.7483831)
804,Hunters Point-Sunnyside-West Maspeth,691789,POINT (-73.9384223 40.748101)
805,Yorkville,693292,POINT (-73.94814620000002 40.77912960000001)
806,Battery Park City-Lower Manhattan,694232,POINT (-74.0093816 40.70884229999999)
807,Battery Park City-Lower Manhattan,694238,POINT (-74.00912159999999 40.7064764)
808,Battery Park City-Lower Manhattan,694265,POINT (-74.0091254 40.7077691)
809,Battery Park City-Lower Manhattan,694276,POINT (-74.0077912 40.7111727)
810,Battery Park City-Lower Manhattan,694280,POINT (-74.01011740000001 40.7086501)
811,SoHo-TriBeCa-Civic Center-Little Italy,694395,POINT (-74.00499240000001 40.7147191)
812,SoHo-TriBeCa-Civic Center-Little Italy,694515,POINT (-74.00463570000002 40.7200001)
813,West Village,695825,POINT (-73.9961934 40.7319068)
814,Hudson Yards-Chelsea-Flatiron-Union Square,697791,POINT (-73.9873552 40.7412686)
815,Hudson Yards-Chelsea-Flatiron-Union Square,697792,POINT (-73.98558659999998 40.742745)
816,Midtown-Midtown South,697987,POINT (-73.9867132 40.757221)
817,Midtown-Midtown South,698017,POINT (-73.9856417 40.7549619)
818,Lincoln Square,698184,POINT (-73.97684870000001 40.7770749)
819,Upper West Side,698277,POINT (-73.97518740000002 40.7780077)
820,Midtown-Midtown South,700068,POINT (-73.9787457 40.7612271)
821,Midtown-Midtown South,700076,POINT (-73.97350420000002 40.7614621)
822,Midtown-Midtown South,700093,POINT (-73.981206 40.75391)
823,Turtle Bay-East Midtown,700125,POINT (-73.9660902 40.7533439)
824,Brooklyn Heights-Cobble Hill,704092,POINT (-73.9910064 40.6933564)
825,Brooklyn Heights-Cobble Hill,704110,POINT (-73.99086209999999 40.6936089)
826,Brooklyn Heights-Cobble Hill,704381,POINT (-73.9916413 40.69187700000001)
827,Midtown-Midtown South,716025,POINT (-73.98688680000002 40.7555193)
828,Midtown-Midtown South,717710,POINT (-73.98971659999999 40.7559285)
829,Midtown-Midtown South,717756,POINT (-73.98706709999998 40.7565705)
830,DUMBO-Vinegar Hill-Downtown Brooklyn-Boerum Hill,718133,POINT (-73.98321079999999 40.69026760000001)
831,Yorkville,718816,POINT (-73.9472208 40.7803835)
832,Lower East Side,718970,POINT (-73.98621390000002 40.7108812)
833,Manhattanville,719376,POINT (-73.95683609999998 40.81982650000001)
834,Midtown-Midtown South,719386,POINT (-73.98757259999999 40.7558569)
835,SoHo-TriBeCa-Civic Center-Little Italy,723127,POINT (-74.0118748 40.7133325)
836,Midtown-Midtown South,723231,POINT (-73.9738937 40.7623103)
837,Turtle Bay-East Midtown,723232,POINT (-73.9712296 40.7456902)
838,Upper East Side-Carnegie Hill,725506,POINT (-73.95662400000001 40.7794844)
839,Hunters Point-Sunnyside-West Maspeth,728812,POINT (-73.9571425 40.7480436)
840,Turtle Bay-East Midtown,729374,POINT (-73.96909429999999 40.75870250000001)
841,Hunters Point-Sunnyside-West Maspeth,730082,POINT (-73.94046299999999 40.7463509)
842,Hunters Point-Sunnyside-West Maspeth,730100,POINT (-73.9417438 40.7467907)
843,Midtown-Midtown South,730226,POINT (-73.9776537 40.7558198)
844,Midtown-Midtown South,730231,POINT (-73.9805325 40.7611643)
845,Midtown-Midtown South,730232,POINT (-73.9814816 40.7623886)
846,Turtle Bay-East Midtown,730262,POINT (-73.9704041 40.7600093)
847,Hudson Yards-Chelsea-Flatiron-Union Square,730425,POINT (-73.99077209999999 40.74491389999999)
848,Lincoln Square,730607,POINT (-73.98766209999999 40.7789896)
849,Lincoln Square,730608,POINT (-73.98727559999998 40.7797499)
850,Kew Gardens,732934,POINT (-73.82661759999998 40.7119125)
851,SoHo-TriBeCa-Civic Center-Little Italy,733923,POINT (-74.0110031 40.72086420000001)
852,DUMBO-Vinegar Hill-Downtown Brooklyn-Boerum Hill,735236,POINT (-73.98573470000002 40.6916513)
853,Upper East Side-Carnegie Hill,735397,POINT (-73.95523129999999 40.7778754)
854,Hudson Yards-Chelsea-Flatiron-Union Square,735405,POINT (-73.9861641 40.7420232)
855,Battery Park City-Lower Manhattan,735412,POINT (-74.0064996 40.7079093)
856,Upper East Side-Carnegie Hill,735414,POINT (-73.9522534 40.7816894)
857,Yorkville,735421,POINT (-73.94895579999999 40.77814179999999)
858,Battery Park City-Lower Manhattan,735433,POINT (-74.0056775 40.7109698)
859,Battery Park City-Lower Manhattan,735439,POINT (-74.0069616 40.7111453)
860,Fort Greene,736101,POINT (-73.97772420000003 40.68551)
861,Battery Park City-Lower Manhattan,736725,POINT (-74.0122375 40.7042007)
862,Battery Park City-Lower Manhattan,736734,POINT (-74.0132985 40.7077632)
863,Battery Park City-Lower Manhattan,736740,POINT (-74.0097348 40.7070143)
864,Midtown-Midtown South,738362,POINT (-73.991407 40.7469753)
865,Lenox Hill-Roosevelt Island,738468,POINT (-73.96054460000001 40.7684053)
866,Chinatown,743356,POINT (-74.00089100000002 40.7138876)
867,Battery Park City-Lower Manhattan,744677,POINT (-74.00737990000002 40.7098141)
868,Turtle Bay-East Midtown,745122,POINT (-73.96422779999997 40.76016679999999)
869,Battery Park City-Lower Manhattan,745405,POINT (-74.0148688 40.7135353)
870,Battery Park City-Lower Manhattan,745833,POINT (-74.01268090000001 40.70338270000001)
871,Battery Park City-Lower Manhattan,745856,POINT (-74.00475390000003 40.7078819)
872,Central Harlem North-Polo Grounds,746197,POINT (-73.93470929999999 40.8209689)
873,Far Rockaway-Bayswater,746216,POINT (-73.7522726 40.5941677)
874,Turtle Bay-East Midtown,746236,POINT (-73.9725368 40.7438378)
875,Hunters Point-Sunnyside-West Maspeth,746286,POINT (-73.94550959999999 40.744745)
876,Battery Park City-Lower Manhattan,746379,POINT (-74.01484959999998 40.7080732)
877,Battery Park City-Lower Manhattan,746392,POINT (-74.0155571 40.710645)
878,Battery Park City-Lower Manhattan,746407,POINT (-74.00847990000003 40.7091224)
879,Midtown-Midtown South,746505,POINT (-73.98300440000001 40.7644995)
880,Turtle Bay-East Midtown,746562,POINT (-73.9695997 40.7508307)
881,Turtle Bay-East Midtown,746569,POINT (-73.97633759999999 40.7520345)
882,Turtle Bay-East Midtown,746585,POINT (-73.9719411 40.744458)
883,Battery Park City-Lower Manhattan,746644,POINT (-74.0164006 40.708471)
884,Hudson Yards-Chelsea-Flatiron-Union Square,746684,POINT (-74.0028405 40.7532665)
885,Lincoln Square,746857,POINT (-73.99090190000003 40.7721994)
886,Lenox Hill-Roosevelt Island,747703,POINT (-73.9525348 40.77190460000001)
887,Upper East Side-Carnegie Hill,747742,POINT (-73.96396850000002 40.7656781)
888,Yorkville,747818,POINT (-73.9483245 40.7819924)
889,Lincoln Square,747976,POINT (-73.98155370000001 40.7754947)
890,Yorkville,748586,POINT (-73.9469545 40.78387470000001)
891,West Village,749134,POINT (-73.99902229999999 40.7271365)
892,Turtle Bay-East Midtown,749245,POINT (-73.9736537 40.7485398)
893,Lenox Hill-Roosevelt Island,749356,POINT (-73.95762890000002 40.7606696)
894,Turtle Bay-East Midtown,749500,POINT (-73.96094740000002 40.7587357)
895,Clinton,749658,POINT (-73.99658149999998 40.7622089)
896,Lincoln Square,749787,POINT (-73.9854093 40.777982)
897,Lincoln Square,749798,POINT (-73.98457940000002 40.7754046)
898,Turtle Bay-East Midtown,749981,POINT (-73.97087859999998 40.7479847)
899,Lenox Hill-Roosevelt Island,750183,POINT (-73.9541493 40.7656829)
900,East Harlem North,750779,POINT (-73.93543659999997 40.8012484)
901,Yorkville,751362,POINT (-73.94633109999999 40.7777097)
902,Washington Heights South,751812,POINT (-73.9342099 40.8473892)
903,Battery Park City-Lower Manhattan,751953,POINT (-74.0106069 40.7022658)
904,Turtle Bay-East Midtown,753928,POINT (-73.965878 40.7590804)
905,Battery Park City-Lower Manhattan,757205,POINT (-74.0135976 40.7061465)
906,Battery Park City-Lower Manhattan,757213,POINT (-74.0134281 40.7063442)
907,Brooklyn Heights-Cobble Hill,757257,POINT (-73.99186759999998 40.6987774)
908,Brooklyn Heights-Cobble Hill,757261,POINT (-73.9921707 40.6976109)
909,Clinton,757276,POINT (-73.9927124 40.7565353)
910,Clinton,757286,POINT (-73.99179570000003 40.7558354)
911,Hudson Yards-Chelsea-Flatiron-Union Square,757289,POINT (-73.9926694 40.7538208)
912,Upper West Side,757409,POINT (-73.9753386 40.7891157)
913,Greenpoint,762440,POINT (-73.9608819 40.7349662)
914,Turtle Bay-East Midtown,768682,POINT (-73.971413 40.74740300000001)
915,Hunters Point-Sunnyside-West Maspeth,773862,POINT (-73.96117530000002 40.7392892)
916,Lower East Side,786506,POINT (-73.98458240000002 40.7156706)
917,Yorkville,786532,POINT (-73.9458472 40.7822657)
918,Turtle Bay-East Midtown,786535,POINT (-73.96809379999998 40.7601981)
919,Hunters Point-Sunnyside-West Maspeth,787151,POINT (-73.9607249 40.7381034)
920,Hunters Point-Sunnyside-West Maspeth,788190,POINT (-73.9412533 40.7464034)
921,Hunters Point-Sunnyside-West Maspeth,788242,POINT (-73.9401208 40.7495566)
922,Hunters Point-Sunnyside-West Maspeth,788243,POINT (-73.939713 40.749592)
923,Midtown-Midtown South,788398,POINT (-73.98658470000002 40.7503948)
924,Midtown-Midtown South,788401,POINT (-73.9823995 40.7586641)
925,Midtown-Midtown South,788402,POINT (-73.9841668 40.7643323)
926,Midtown-Midtown South,788404,POINT (-73.97925409999998 40.76306339999999)
927,Hudson Yards-Chelsea-Flatiron-Union Square,788407,POINT (-74.00688609999997 40.7482105)
928,Murray Hill-Kips Bay,788431,POINT (-73.9766772 40.7512194)
929,Midtown-Midtown South,788434,POINT (-73.97304190000001 40.7621042)
930,Murray Hill-Kips Bay,788438,POINT (-73.9788424 40.7521448)
931,Turtle Bay-East Midtown,788442,POINT (-73.97147509999998 40.7539218)
932,Midtown-Midtown South,788530,POINT (-73.97888309999998 40.7604723)
933,Midtown-Midtown South,788531,POINT (-73.9744757 40.7602573)
934,Lenox Hill-Roosevelt Island,788855,POINT (-73.9558167 40.771689)
935,Midtown-Midtown South,789084,POINT (-73.9909595 40.74647020000001)
936,Murray Hill-Kips Bay,789104,POINT (-73.9805703 40.7429639)
937,Midtown-Midtown South,789121,POINT (-73.97974029999997 40.7666756)
938,Yorkville,789174,POINT (-73.95197579999999 40.7809894)
939,Lenox Hill-Roosevelt Island,789511,POINT (-73.959373 40.7597425)
940,Murray Hill-Kips Bay,789919,POINT (-73.97698790000003 40.7399467)
941,Midtown-Midtown South,792735,POINT (-73.981177 40.7673099)
942,Upper West Side,792855,POINT (-73.97565159999998 40.7823226)
943,Lenox Hill-Roosevelt Island,792861,POINT (-73.9564616 40.7682995)
944,Turtle Bay-East Midtown,794185,POINT (-73.96760090000002 40.75669570000001)
945,Turtle Bay-East Midtown,794187,POINT (-73.9687771 40.7578845)
946,Hunters Point-Sunnyside-West Maspeth,794277,POINT (-73.96016359999999 40.7413859)
947,Turtle Bay-East Midtown,794340,POINT (-73.96694409999998 40.7563936)
948,Turtle Bay-East Midtown,794349,POINT (-73.965301 40.758018)
949,Upper West Side,794350,POINT (-73.97206059999998 40.79523020000001)
950,Midtown-Midtown South,794489,POINT (-73.99117209999999 40.7491464)
951,Midtown-Midtown South,794491,POINT (-73.9923737 40.7512626)
952,Hudson Yards-Chelsea-Flatiron-Union Square,794493,POINT (-74.00360929999999 40.7518475)
953,Midtown-Midtown South,794509,POINT (-73.9830688 40.7524199)
954,Murray Hill-Kips Bay,794512,POINT (-73.9800627 40.7508879)
955,Murray Hill-Kips Bay,794519,POINT (-73.9784207 40.7503304)
956,Murray Hill-Kips Bay,794520,POINT (-73.97595240000003 40.7493583)
957,Murray Hill-Kips Bay,794522,POINT (-73.9796401 40.7402464)
958,Murray Hill-Kips Bay,794526,POINT (-73.9782398 40.7405865)
959,Midtown-Midtown South,794529,POINT (-73.97900059999998 40.7655007)
960,Midtown-Midtown South,794540,POINT (-73.98255279999999 40.7659734)
961,Lincoln Square,794543,POINT (-73.9805937 40.77424570000001)
962,Clinton,794546,POINT (-73.9929671 40.7714311)
963,Turtle Bay-East Midtown,794586,POINT (-73.96790340000003 40.75829870000001)
964,Midtown-Midtown South,794587,POINT (-73.982848 40.7548243)
965,Upper East Side-Carnegie Hill,794590,POINT (-73.97166209999997 40.7640362)
966,Lenox Hill-Roosevelt Island,794617,POINT (-73.9631839 40.7613467)
967,Yorkville,794639,POINT (-73.94878970000001 40.7828517)
968,Yorkville,794641,POINT (-73.9518333 40.7783846)
969,Midtown-Midtown South,795291,POINT (-73.9816122 40.7599705)
970,Midtown-Midtown South,795303,POINT (-73.98550710000001 40.7599766)
971,Midtown-Midtown South,795304,POINT (-73.98744190000002 40.7598478)
972,Battery Park City-Lower Manhattan,795366,POINT (-74.0112385 40.7046838)
973,Midtown-Midtown South,795370,POINT (-73.97858740000002 40.75953079999999)
974,Turtle Bay-East Midtown,795375,POINT (-73.97003659999999 40.7583981)
975,Gramercy,795411,POINT (-73.98921470000001 40.7346429)
976,Murray Hill-Kips Bay,795412,POINT (-73.9817517 40.7515881)
977,Midtown-Midtown South,795417,POINT (-73.98089329999998 40.7620454)
978,Turtle Bay-East Midtown,795428,POINT (-73.9649098 40.7604799)
979,Midtown-Midtown South,795440,POINT (-73.97067709999997 40.76302860000001)
980,Battery Park City-Lower Manhattan,796477,POINT (-74.01202070000002 40.7021531)
981,Battery Park City-Lower Manhattan,796480,POINT (-74.00885090000001 40.7051314)
982,Battery Park City-Lower Manhattan,796486,POINT (-74.01588259999998 40.714032)
983,Battery Park City-Lower Manhattan,796487,POINT (-74.015305 40.71245379999999)
984,Hudson Yards-Chelsea-Flatiron-Union Square,796746,POINT (-74.00498809999998 40.7532335)
985,Hudson Yards-Chelsea-Flatiron-Union Square,796758,POINT (-74.00475710000001 40.753401)
986,Midtown-Midtown South,796815,POINT (-73.9855843 40.7533754)
987,Midtown-Midtown South,796831,POINT (-73.9833363 40.75081160000001)
988,Midtown-Midtown South,796832,POINT (-73.9857073 40.7519702)
989,Midtown-Midtown South,796841,POINT (-73.982477 40.7520493)
990,Murray Hill-Kips Bay,796850,POINT (-73.98339449999997 40.7490604)
991,Turtle Bay-East Midtown,796908,POINT (-73.9750755 40.7489491)
992,Murray Hill-Kips Bay,796909,POINT (-73.9756836 40.7442859)
993,Lincoln Square,796960,POINT (-73.98169540000001 40.7724344)
994,Lincoln Square,796961,POINT (-73.98162049999998 40.7691078)
995,Lincoln Square,796962,POINT (-73.98313279999998 40.7707301)
996,Lincoln Square,796966,POINT (-73.979901 40.77264270000001)
997,Lincoln Square,796987,POINT (-73.9800237 40.7726949)
998,Lincoln Square,797007,POINT (-73.982637 40.7752753)
999,Upper West Side,797046,POINT (-73.9810035 40.780652)
1000,Murray Hill-Kips Bay,797144,POINT (-73.9791599 40.75245220000001)
1001,Turtle Bay-East Midtown,797152,POINT (-73.97103559999999 40.7604294)
1002,Turtle Bay-East Midtown,797155,POINT (-73.96996120000001 40.75755820000001)
1003,Turtle Bay-East Midtown,797162,POINT (-73.97252330000001 40.7503923)
1004,Turtle Bay-East Midtown,797168,POINT (-73.97140640000001 40.7542182)
1005,Turtle Bay-East Midtown,797171,POINT (-73.9705397 40.7553872)
1006,Turtle Bay-East Midtown,797185,POINT (-73.9694382 40.7566495)
1007,Turtle Bay-East Midtown,797187,POINT (-73.96919609999998 40.7572176)
1008,Turtle Bay-East Midtown,797190,POINT (-73.96679540000002 40.75784820000001)
1009,Turtle Bay-East Midtown,797191,POINT (-73.967589 40.7589628)
1010,Turtle Bay-East Midtown,797214,POINT (-73.9692385 40.7513356)
1011,Turtle Bay-East Midtown,797226,POINT (-73.96460350000002 40.7594835)
1012,Lenox Hill-Roosevelt Island,797235,POINT (-73.9550947 40.7556018)
1013,Upper East Side-Carnegie Hill,797356,POINT (-73.96413579999999 40.7700917)
1014,Upper East Side-Carnegie Hill,797400,POINT (-73.96123270000002 40.7770542)
1015,Upper East Side-Carnegie Hill,797446,POINT (-73.95559759999998 40.780796)
1016,Upper East Side-Carnegie Hill,797455,POINT (-73.9562548 40.7808703)
1017,Yorkville,797521,POINT (-73.94759790000001 40.7829747)
1018,Upper East Side-Carnegie Hill,798774,POINT (-73.9725428 40.7643081)
1019,Upper East Side-Carnegie Hill,799237,POINT (-73.95473249999998 40.7786685)
1020,DUMBO-Vinegar Hill-Downtown Brooklyn-Boerum Hill,799474,POINT (-73.9871575 40.6995839)
1021,Battery Park City-Lower Manhattan,801109,POINT (-74.01467149999998 40.71826179999999)
1022,Battery Park City-Lower Manhattan,801120,POINT (-74.0049557 40.7058975)
1023,Battery Park City-Lower Manhattan,801313,POINT (-74.01052129999999 40.7082192)
1024,Lenox Hill-Roosevelt Island,801334,POINT (-73.96355749999999 40.764775)
1025,Midtown-Midtown South,801531,POINT (-73.98082609999999 40.7571845)
1026,Turtle Bay-East Midtown,801535,POINT (-73.96919559999998 40.7505095)
1027,Midtown-Midtown South,802352,POINT (-73.98577540000002 40.754424)
1028,Clinton,802359,POINT (-73.9930734 40.75638710000001)
1029,Hunters Point-Sunnyside-West Maspeth,803166,POINT (-73.9428573 40.7486796)
1030,Midtown-Midtown South,806409,POINT (-73.97847390000003 40.7645537)
1031,Midtown-Midtown South,812615,POINT (-73.97771729999999 40.7600494)
1032,Turtle Bay-East Midtown,817038,POINT (-73.96312490000003 40.7570978)
1033,,820517,POINT EMPTY
1034,Lenox Hill-Roosevelt Island,820671,POINT (-73.95502569999999 40.7668525)
1035,Turtle Bay-East Midtown,821001,POINT (-73.97283829999998 40.7480017)
1036,Midtown-Midtown South,821241,POINT (-73.9798199 40.7541706)
1037,Midtown-Midtown South,821244,POINT (-73.97368540000002 40.7597302)
1038,Turtle Bay-East Midtown,824872,POINT (-73.9713057 40.7533426)
1039,Hudson Yards-Chelsea-Flatiron-Union Square,826139,POINT (-73.9918728 40.7448399)
1040,,826449,POINT EMPTY
1041,Co-op City,828185,POINT (-73.8283619 40.87501270000001)
1042,Battery Park City-Lower Manhattan,830237,POINT (-74.0127686 40.7091027)
1043,Upper West Side,833760,POINT (-73.967338 40.7923552)
1044,Lenox Hill-Roosevelt Island,833905,POINT (-73.96043210000001 40.7693165)
1045,Turtle Bay-East Midtown,836009,POINT (-73.96125759999998 40.7590652)
1046,,836436,POINT EMPTY
1047,,836448,POINT EMPTY
1048,,836453,POINT EMPTY
1049,Lenox Hill-Roosevelt Island,836646,POINT (-73.95414289999999 40.7644532)
1050,North Side-South Side,836900,POINT (-73.96331090000002 40.7208589)
1051,DUMBO-Vinegar Hill-Downtown Brooklyn-Boerum Hill,836932,POINT (-73.9835738 40.69504910000001)
1052,Midtown-Midtown South,837137,POINT (-73.98861579999998 40.75561550000001)
1053,Murray Hill-Kips Bay,837159,POINT (-73.98075870000002 40.7529987)
1054,DUMBO-Vinegar Hill-Downtown Brooklyn-Boerum Hill,837314,POINT (-73.98288530000001 40.6940773)
1055,Turtle Bay-East Midtown,839472,POINT (-73.96639880000002 40.7569533)
1056,DUMBO-Vinegar Hill-Downtown Brooklyn-Boerum Hill,841008,POINT (-73.9837804 40.690792)
1057,Midtown-Midtown South,842007,POINT (-73.97531690000002 40.75981289999999)
1058,Gramercy,845270,POINT (-73.97955429999998 40.7377487)
1059,Battery Park City-Lower Manhattan,845334,POINT (-74.01658559999998 40.7126183)
1060,Hudson Yards-Chelsea-Flatiron-Union Square,845434,POINT (-73.99173940000001 40.7436898)
1061,Lincoln Square,845489,POINT (-73.98700579999998 40.7746583)
1062,North Side-South Side,848858,POINT (-73.962891 40.710371)
1063,Midtown-Midtown South,853646,POINT (-73.9780993 40.76193789999999)
1064,Midtown-Midtown South,853648,POINT (-73.9777778 40.76257460000001)
1065,Midtown-Midtown South,853929,POINT (-73.98551390000002 40.7451275)
1066,Yorkville,855445,POINT (-73.952651 40.77602720000001)
